Workbook

Sheet Data
A1: NIM | B1: Name | C1: KUIS | D1: UTS | E1: UAS | F1: Nilai | G1: Grade
A2: 120001 | B2: John Doe | C2: 85 | D2: 78 | E2: 90 | F2: =ROUND(C2*Bobot!$B$2+D2*Bobot!$B$3+E2*Bobot!$B$4,2) -> 84.44 | G2: =IF(F2>=81,"A",IF(F2>=76,"AB",IF(F2>=66,"B",IF(F2>=56,"BC",IF(F2>=46,"C",IF(F2>=36,"D","E")))))) -> A
A3: 120005 | B3: Jane Smith | C3: 92 | D3: 88 | E3: 94 | F3: =ROUND(C3*Bobot!$B$2+D3*Bobot!$B$3+E3*Bobot!$B$4,2) -> 91.38 | G3: =IF(F3>=81,"A",IF(F3>=76,"AB",IF(F3>=66,"B",IF(F3>=56,"BC",IF(F3>=46,"C",IF(F3>=36,"D","E")))))) -> A
A4: 120017 | B4: Michael Johnson | C4: 48 | D4: 65 | E4: 56 | F4: =ROUND(C4*Bobot!$B$2+D4*Bobot!$B$3+E4*Bobot!$B$4,2) -> 56.41 | G4: =IF(F4>=81,"A",IF(F4>=76,"AB",IF(F4>=66,"B",IF(F4>=56,"BC",IF(F4>=46,"C",IF(F4>=36,"D","E")))))) -> BC
A5: 120018 | B5: Emily Brown | C5: 90 | D5: 85 | E5: 88 | F5: =ROUND(C5*Bobot!$B$2+D5*Bobot!$B$3+E5*Bobot!$B$4,2) -> 87.65 | G5: =IF(F5>=81,"A",IF(F5>=76,"AB",IF(F5>=66,"B",IF(F5>=56,"BC",IF(F5>=46,"C",IF(F5>=36,"D","E")))))) -> A
A6: 120022 | B6: Daniel Martinez | C6: 75 | D6: 80 | E6: 77 | F6: =ROUND(C6*Bobot!$B$2+D6*Bobot!$B$3+E6*Bobot!$B$4,2) -> 77.35 | G6: =IF(F6>=81,"A",IF(F6>=76,"AB",IF(F6>=66,"B",IF(F6>=56,"BC",IF(F6>=46,"C",IF(F6>=36,"D","E")))))) -> AB
A7: 120024 | B7: Sarah Wilson | C7: 88 | D7: 70 | E7: 65 | F7: =ROUND(C7*Bobot!$B$2+D7*Bobot!$B$3+E7*Bobot!$B$4,2) -> 74.01 | G7: =IF(F7>=81,"A",IF(F7>=76,"AB",IF(F7>=66,"B",IF(F7>=56,"BC",IF(F7>=46,"C",IF(F7>=36,"D","E")))))) -> B
A8: 120025 | B8: David Garcia | C8: 75 | D8: 70 | E8: 75 | F8: =ROUND(C8*Bobot!$B$2+D8*Bobot!$B$3+E8*Bobot!$B$4,2) -> 73.35 | G8: =IF(F8>=81,"A",IF(F8>=76,"AB",IF(F8>=66,"B",IF(F8>=56,"BC",IF(F8>=46,"C",IF(F8>=36,"D","E")))))) -> B
A9: 120027 | B9: Jessica Lee | C9: 95 | D9: 91 | E9: 96 | F9: =ROUND(C9*Bobot!$B$2+D9*Bobot!$B$3+E9*Bobot!$B$4,2) -> 94.03 | G9: =IF(F9>=81,"A",IF(F9>=76,"AB",IF(F9>=66,"B",IF(F9>=56,"BC",IF(F9>=46,"C",IF(F9>=36,"D","E")))))) -> A
A10: 120034 | B10: Matthew Davis | C10: 79 | D10: 84 | E10: 78 | F10: =ROUND(C10*Bobot!$B$2+D10*Bobot!$B$3+E10*Bobot!$B$4,2) -> 80.3 | G10: =IF(F10>=81,"A",IF(F10>=76,"AB",IF(F10>=66,"B",IF(F10>=56,"BC",IF(F10>=46,"C",IF(F10>=36,"D","E")))))) -> AB
A11: 120035 | B11: Jennifer Rodriguez | C11: 42 | D11: 48 | E11: 63 | F11: =ROUND(C11*Bobot!$B$2+D11*Bobot!$B$3+E11*Bobot!$B$4,2) -> 51.33 | G11: =IF(F11>=81,"A",IF(F11>=76,"AB",IF(F11>=66,"B",IF(F11>=56,"BC",IF(F11>=46,"C",IF(F11>=36,"D","E")))))) -> C
A12: 120036 | B12: Andrew Taylor | C12: 53 | D12: 64 | E12: 59 | F12: =ROUND(C12*Bobot!$B$2+D12*Bobot!$B$3+E12*Bobot!$B$4,2) -> 58.73 | G12: =IF(F12>=81,"A",IF(F12>=76,"AB",IF(F12>=66,"B",IF(F12>=56,"BC",IF(F12>=46,"C",IF(F12>=36,"D","E")))))) -> BC
A13: 120038 | B13: Amanda Hernandez | C13: 91 | D13: 95 | E13: 90 | F13: =ROUND(C13*Bobot!$B$2+D13*Bobot!$B$3+E13*Bobot!$B$4,2) -> 91.97 | G13: =IF(F13>=81,"A",IF(F13>=76,"AB",IF(F13>=66,"B",IF(F13>=56,"BC",IF(F13>=46,"C",IF(F13>=36,"D","E")))))) -> A
... A31: 120099 | B31: Samantha Harris | C31: 60 | D31: 65 | E31: 64 | F31: =ROUND(C31*Bobot!$B$2+D31*Bobot!$B$3+E31*Bobot!$B$4,2) -> 63.05 | G31: =IF(F31>=81,"A",IF(F31>=76,"AB",IF(F31>=66,"B",IF(F31>=56,"BC",IF(F31>=46,"C",IF(F31>=36,"D","E")))))) -> BC

Sheet Bobot
A1: Komponen | B1: Bobot
A2: KUIS | B2: 0.32
A3: UTS | B3: 0.33
A4: UAS | B4: 0.35
A5: Total | B5: =SUM(B2:B4) -> 1
A7: Skala Grade | B7: Batas bawah Nilai | C7: Rentang
A8: A | B8: 81 | C8: 81 - 100
A9: AB | B9: 76 | C9: 76 - 80
A10: B | B10: 66 | C10: 66 - 75
A11: BC | B11: 56 | C11: 56 - 65
A12: C | B12: <46
